{"nodes":{"node:1":{"location":{"x":5,"y":-74}},"node:4":{"location":{"x":328,"y":10}}},"selection":null,"view":{"scroll":{"x":-18.2827835083007813,"y":-233.17950439453125},"zoom":1.56263089179992676}}