{"nodes":{"node:1":{"location":{"x":10,"y":10}},"node:4":{"location":{"x":69,"y":118}}},"selection":null,"view":{"scroll":{"x":-185.702987670898438,"y":-322.0660400390625},"zoom":1.5}}