{"nodes":{"node:1":{"location":{"x":-443,"y":-218}},"node:4":{"location":{"x":-427,"y":182}},"node:7":{"location":{"x":117,"y":-74}}},"selection":["link:14"],"view":{"scroll":{"x":-382.66357421875,"y":-351.296234130859375},"zoom":0.749999940395355225}}