{"nodes":{"node:1":{"location":{"x":10,"y":10}},"node:4":{"location":{"x":204,"y":10}}},"selection":["link:7"],"view":{"scroll":{"x":-23.7727260589599609,"y":-152.682723999023438},"zoom":1.19460940361022949}}