{"nodes":{"node:1":{"location":{"x":35,"y":-266}},"node:4":{"location":{"x":117,"y":294}},"node:7":{"location":{"x":737,"y":10}}},"selection":null,"view":{"scroll":{"x":-128.647018432617188,"y":-229.024551391601563},"zoom":0.749999940395355225}}