{"nodes":{"node:1":{"location":{"x":211,"y":-250}},"node:4":{"location":{"x":133,"y":182}},"node:7":{"location":{"x":737,"y":10}}},"selection":["link:10"],"view":{"scroll":{"x":-32.9370269775390625,"y":-297.1976318359375},"zoom":0.742661237716674805}}