{"nodes":{"node:1":{"location":{"x":79,"y":-14}}},"selection":["node:1"],"view":{"scroll":{"x":96.696441650390625,"y":-75.385650634765625},"zoom":1.49999988079071045}}