{"nodes":{"node:1":{"location":{"x":10,"y":10}},"node:4":{"location":{"x":335,"y":10}}},"selection":null,"view":{"scroll":{"x":-22.2320175170898438,"y":-215.4561767578125},"zoom":1.84498047828674316}}
