{"nodes":{"node:1":{"location":{"x":99,"y":-154}},"node:4":{"location":{"x":259,"y":6}},"node:7":{"location":{"x":5,"y":6}}},"selection":["link:15"],"view":{"scroll":{"x":-138.976318359375,"y":-329.725311279296875},"zoom":1.24999988079071045}}