{"nodes":{"node:1":{"location":{"x":10,"y":10}},"node:4":{"location":{"x":157,"y":10}},"node:7":{"location":{"x":321,"y":10}}},"selection":null,"view":{"scroll":{"x":-22.9840717315673828,"y":-237.87103271484375},"zoom":1.71522927284240723}}