{"nodes":{"node:1":{"location":{"x":-92,"y":-8}},"node:4":{"location":{"x":289,"y":-8}}},"selection":null,"view":{"scroll":{"x":-153.490921020507813,"y":-199.273529052734375},"zoom":1.27114629745483398}}