{"nodes":{"node:1":{"location":{"x":115,"y":246}},"node:4":{"location":{"x":-11,"y":-90}},"node:7":{"location":{"x":436,"y":10}}},"selection":null,"view":{"scroll":{"x":-27.5219554901123047,"y":-253.715728759765625},"zoom":1.2341684103012085}}