{"nodes":{"node:1":{"location":{"x":10,"y":10}},"node:4":{"location":{"x":10,"y":10}}},"selection":null,"view":{"scroll":{"x":-35.590911865234375,"y":-80.259368896484375},"zoom":3.48930501937866211}}