{"nodes":{"node:1":{"location":{"x":67,"y":38}},"node:4":{"location":{"x":499,"y":-10}},"node:7":{"location":{"x":259,"y":54}}},"selection":null,"view":{"scroll":{"x":121.360031127929688,"y":-62.4631080627441406},"zoom":1.49999988079071045}}