{"nodes":{"node:1":{"location":{"x":101,"y":-250}},"node:4":{"location":{"x":133,"y":166}},"node:7":{"location":{"x":579,"y":-122}}},"selection":["link:10"],"view":{"scroll":{"x":-32.9370269775390625,"y":-297.1976318359375},"zoom":0.742661237716674805}}