{"nodes":{"node:1":{"location":{"x":4,"y":-568}},"node:10":{"location":{"x":33,"y":-200}},"node:13":{"location":{"x":305,"y":-424}},"node:16":{"location":{"x":-364,"y":-424}},"node:4":{"location":{"x":-270,"y":-184}},"node:7":{"location":{"x":305,"y":-200}}},"selection":null,"view":{"scroll":{"x":-312.235504150390625,"y":-510.294158935546875},"zoom":0.766880810260772705}}