{"nodes":{"node:1":{"location":{"x":83,"y":-202}},"node:4":{"location":{"x":149,"y":246}},"node:7":{"location":{"x":737,"y":10}}},"selection":["link:10"],"view":{"scroll":{"x":-32.9370269775390625,"y":-297.1976318359375},"zoom":0.742661237716674805}}