{"nodes":{"node:1":{"location":{"x":10,"y":10}},"node:4":{"location":{"x":229,"y":390}},"node:7":{"location":{"x":645,"y":-26}}},"selection":["link:12"],"view":{"scroll":{"x":-33.3863487243652344,"y":-299.938507080078125},"zoom":0.697729289531707764}}