{"nodes":{"node:1":{"location":{"x":259,"y":-266}},"node:10":{"location":{"x":1167,"y":10}},"node:4":{"location":{"x":691,"y":262}},"node:7":{"location":{"x":563,"y":-10}}},"selection":["link:19"],"view":{"scroll":{"x":698.160888671875,"y":60.5180625915527344},"zoom":1.24999988079071045}}