{"nodes":{"node:1":{"location":{"x":131,"y":-298}},"node:4":{"location":{"x":165,"y":198}},"node:7":{"location":{"x":709,"y":-90}}},"selection":["link:12"],"view":{"scroll":{"x":-32.9370269775390625,"y":-297.1976318359375},"zoom":0.742661237716674805}}