{"nodes":{"node:1":{"location":{"x":3,"y":-90}},"node:4":{"location":{"x":328,"y":10}}},"selection":["link:8"],"view":{"scroll":{"x":-27.7464237213134766,"y":-184.594100952148438},"zoom":1.29353952407836914}}