{"nodes":{"node:1":{"location":{"x":-44,"y":-136}},"node:4":{"location":{"x":209,"y":-24}}},"selection":["node:4"],"view":{"scroll":{"x":-52.1974029541015625,"y":-117.865104675292969},"zoom":0.749999940395355225}}