{"nodes":{"node:1":{"location":{"x":-27,"y":-154}},"node:13":{"location":{"x":-29,"y":-154}},"node:16":{"location":{"x":0,"y":0}},"node:4":{"location":{"x":126,"y":10}}},"selection":null,"view":{"scroll":{"x":-225.021072387695313,"y":-389.873809814453125},"zoom":1.49999988079071045}}